size,repetitions,tusec,Mbytessec,tusec_computed,mbsec_computed
0,1000,0.43,0,0,0
1,1000,0.43,2.32,0.43198165079591,2.3165
2,1000,0.43,4.64,0.431981650795909,4.6247
4,1000,0.44,9.14,0.431981650795909,9.2328
8,1000,0.43,18.51,0.431981650795908,18.4328
16,1000,0.43,36.84,0.431981650795907,36.7998
