size,repetitions,tusec,Mbytessec,tusec_computed,mbsec_computed
0,1000,0.47,0,0,0
1,1000,0.47,2.13,0.470000000000004,2.1324
2,1000,0.47,4.26,0.470000000000003,4.2685
4,1000,0.47,8.59,0.470000000000002,8.5445
8,1000,0.47,17.1,0.470000000000001,17.1039
16,1000,0.47,34.17,0.469999999999999,34.238
